name,count
attack,51
bullying,44
security,39
attacks,30
crime,25
us,21
says,20
safety,19
new,17
china,17
police,14
threat,11
warfare,11
government,11
australia,11
expert,10
experts,10
schools,10
bullies,9
hackers,9
report,8
australian,7
stop,7
chinese,7
korea,7
vulnerable,7
russia,7
espionage,7
charges,6
iran,6
children,6
warns,6
fight,6
threats,6
school,6
warning,6
business,6
criminals,6
urged,5
obama,5
nz,5
global,5
predators,5
group,5
stalking,5
risk,5
predator,5
get,5
help,5
warn,4
target,4
russian,4
launch,4
law,4
war,4
talks,4
tackle,4
south,4
call,4
businesses,4
behind,4
targeted,4
accuses,4
claims,4
combat,4
online,4
rise,4
conference,4
canberra,4
